{
  "metadata": {
    "generated_at_utc": "2026-03-09T06:14:08.576097+00:00",
    "host_platform": "linux (Linux 6.14.0-1017-azure)",
    "node_version": "v20.20.0",
    "pm2_command": "/opt/hostedtoolcache/node/20.20.0/x64/bin/pm2",
    "oxmgr_binary": "/home/runner/work/OxMgr/OxMgr/target/release/oxmgr",
    "process_counts": [
      1,
      25,
      100
    ]
  },
  "empty_daemon_boot": {
    "oxmgr": {
      "boot_ms": {
        "median": 100.79009100002168,
        "p95": 101.9391066000253
      },
      "daemon_rss_kb": {
        "median": 6684.0
      }
    },
    "pm2": {
      "boot_ms": {
        "median": 380.46931799999584,
        "p95": 389.1623001000653
      },
      "daemon_rss_kb": {
        "median": 57124.0
      }
    }
  },
  "scale": {
    "1": {
      "oxmgr": {
        "start_ms": {
          "median": 4.054884000083803
        },
        "settle_ms": {
          "median": 0.11579700003494509
        },
        "list_ms": {
          "median": 2.6752790000728055
        },
        "daemon_rss_kb": {
          "median": 7000.0
        }
      },
      "pm2": {
        "start_ms": {
          "median": 180.5716379999467
        },
        "settle_ms": {
          "median": 170.2851349999719
        },
        "list_ms": {
          "median": 130.8542279999756
        },
        "daemon_rss_kb": {
          "median": 64940.0
        }
      }
    },
    "25": {
      "oxmgr": {
        "start_ms": {
          "median": 155.0703269999758
        },
        "settle_ms": {
          "median": 0.5578939999395516
        },
        "list_ms": {
          "median": 4.103605999944193
        },
        "daemon_rss_kb": {
          "median": 7028.0
        }
      },
      "pm2": {
        "start_ms": {
          "median": 1458.5939209999879
        },
        "settle_ms": {
          "median": 227.47406799999226
        },
        "list_ms": {
          "median": 149.10973100006686
        },
        "daemon_rss_kb": {
          "median": 112272.0
        }
      }
    },
    "100": {
      "oxmgr": {
        "start_ms": {
          "median": 774.9854859999914
        },
        "settle_ms": {
          "median": 1.6337039999143599
        },
        "list_ms": {
          "median": 4.43533399993612
        },
        "daemon_rss_kb": {
          "median": 7784.0
        }
      },
      "pm2": {
        "start_ms": {
          "median": 5809.090219000041
        },
        "settle_ms": {
          "median": 360.4292950000172
        },
        "list_ms": {
          "median": 298.13541900000473
        },
        "daemon_rss_kb": {
          "median": 147884.0
        }
      }
    }
  },
  "single_app_lifecycle": {
    "restart_command_ms": {
      "oxmgr": {
        "median": 205.8525869999812,
        "p95": 206.53122609992351
      },
      "pm2": {
        "median": 272.74701799990453,
        "p95": 280.377410000051
      }
    },
    "restart_pid_visible_ms": {
      "oxmgr": {
        "median": 206.0784060000742,
        "p95": 206.95835660001194
      },
      "pm2": {
        "median": 300.38104599998405,
        "p95": 316.62631979995695
      }
    },
    "restart_ready_event_emitted_ms": {
      "oxmgr": {
        "median": 228.621337890625,
        "p95": 229.356396484375
      },
      "pm2": {
        "median": 375.24169921875,
        "p95": 385.96708984375
      }
    },
    "restart_ready_event_visible_ms": {
      "oxmgr": {
        "median": 236.89101299999038,
        "p95": 237.71067970000104
      },
      "pm2": {
        "median": 382.3242259999233,
        "p95": 387.8673178999861
      }
    },
    "restart_tcp_ready_ms": {
      "oxmgr": {
        "median": 238.44475600003534,
        "p95": 239.28814949999833
      },
      "pm2": {
        "median": 383.3777549999695,
        "p95": 388.882486600005
      }
    },
    "crash_pid_visible_ms": {
      "oxmgr": {
        "median": 3.8499659999615687,
        "p95": 12.375359600071071
      },
      "pm2": {
        "median": 162.05211399994823,
        "p95": 172.25497519995088
      }
    },
    "crash_ready_event_emitted_ms": {
      "oxmgr": {
        "median": 26.05517578125,
        "p95": 26.5023681640625
      },
      "pm2": {
        "median": 138.813720703125,
        "p95": 142.042236328125
      }
    },
    "crash_ready_event_visible_ms": {
      "oxmgr": {
        "median": 34.58067799999753,
        "p95": 35.90797530001737
      },
      "pm2": {
        "median": 162.1572509999396,
        "p95": 172.3478429999659
      }
    },
    "crash_tcp_ready_ms": {
      "oxmgr": {
        "median": 36.10792200004198,
        "p95": 37.43149830004313
      },
      "pm2": {
        "median": 163.2149470000286,
        "p95": 173.39007789997822
      }
    }
  }
}