{
  "metadata": {
    "generated_at_utc": "2026-03-04T10:44:42.914776+00:00",
    "host_platform": "linux (Linux 6.14.0-1017-azure)",
    "node_version": "v20.20.0",
    "pm2_command": "/opt/hostedtoolcache/node/20.20.0/x64/bin/pm2",
    "oxmgr_binary": "/home/runner/work/OxMgr/OxMgr/target/release/oxmgr",
    "process_counts": [
      1,
      25,
      100
    ]
  },
  "empty_daemon_boot": {
    "oxmgr": {
      "boot_ms": {
        "median": 100.84961200001885,
        "p95": 100.85579770000948
      },
      "daemon_rss_kb": {
        "median": 6508.0
      }
    },
    "pm2": {
      "boot_ms": {
        "median": 390.52421800002435,
        "p95": 398.540022999984
      },
      "daemon_rss_kb": {
        "median": 57292.0
      }
    }
  },
  "scale": {
    "1": {
      "oxmgr": {
        "start_ms": {
          "median": 4.057119000009379
        },
        "settle_ms": {
          "median": 0.13618200000564684
        },
        "list_ms": {
          "median": 2.6943809999977475
        },
        "daemon_rss_kb": {
          "median": 6780.0
        }
      },
      "pm2": {
        "start_ms": {
          "median": 195.04967899999315
        },
        "settle_ms": {
          "median": 172.6949020000177
        },
        "list_ms": {
          "median": 135.61069600001474
        },
        "daemon_rss_kb": {
          "median": 64476.0
        }
      }
    },
    "25": {
      "oxmgr": {
        "start_ms": {
          "median": 163.74037100001715
        },
        "settle_ms": {
          "median": 0.569537000018272
        },
        "list_ms": {
          "median": 4.168865999986338
        },
        "daemon_rss_kb": {
          "median": 6892.0
        }
      },
      "pm2": {
        "start_ms": {
          "median": 1524.285624000015
        },
        "settle_ms": {
          "median": 241.1119719999988
        },
        "list_ms": {
          "median": 149.72601000002328
        },
        "daemon_rss_kb": {
          "median": 112576.0
        }
      }
    },
    "100": {
      "oxmgr": {
        "start_ms": {
          "median": 834.4980729999918
        },
        "settle_ms": {
          "median": 1.872052999999596
        },
        "list_ms": {
          "median": 4.282925000012483
        },
        "daemon_rss_kb": {
          "median": 7592.0
        }
      },
      "pm2": {
        "start_ms": {
          "median": 6140.48304100001
        },
        "settle_ms": {
          "median": 394.16946900001903
        },
        "list_ms": {
          "median": 297.27539399999614
        },
        "daemon_rss_kb": {
          "median": 147868.0
        }
      }
    }
  },
  "single_app_lifecycle": {
    "restart_command_ms": {
      "oxmgr": {
        "median": 206.4637219999952,
        "p95": 206.68606130000455
      },
      "pm2": {
        "median": 277.8771929999948,
        "p95": 281.22854030000894
      }
    },
    "restart_pid_visible_ms": {
      "oxmgr": {
        "median": 206.4243490000024,
        "p95": 206.95010350000587
      },
      "pm2": {
        "median": 308.54287500000055,
        "p95": 313.0043702999899
      }
    },
    "restart_ready_event_emitted_ms": {
      "oxmgr": {
        "median": 229.28271484375,
        "p95": 230.3082763671875
      },
      "pm2": {
        "median": 384.453125,
        "p95": 393.76252441406245
      }
    },
    "restart_ready_event_visible_ms": {
      "oxmgr": {
        "median": 237.7361780000058,
        "p95": 238.0579331000007
      },
      "pm2": {
        "median": 387.5191070000028,
        "p95": 399.3546975000072
      }
    },
    "restart_tcp_ready_ms": {
      "oxmgr": {
        "median": 239.38049899996372,
        "p95": 239.67266880000295
      },
      "pm2": {
        "median": 388.4469380000155,
        "p95": 400.46199350001075
      }
    },
    "crash_pid_visible_ms": {
      "oxmgr": {
        "median": 4.349068999999872,
        "p95": 4.484280300010823
      },
      "pm2": {
        "median": 169.59815299998127,
        "p95": 175.17203669999617
      }
    },
    "crash_ready_event_emitted_ms": {
      "oxmgr": {
        "median": 27.982421875,
        "p95": 28.760913085937496
      },
      "pm2": {
        "median": 145.15234375,
        "p95": 153.1110107421875
      }
    },
    "crash_ready_event_visible_ms": {
      "oxmgr": {
        "median": 35.2882890000501,
        "p95": 35.51795510001057
      },
      "pm2": {
        "median": 169.7055430000205,
        "p95": 175.29186320000463
      }
    },
    "crash_tcp_ready_ms": {
      "oxmgr": {
        "median": 37.00218900002028,
        "p95": 37.18369489997713
      },
      "pm2": {
        "median": 170.8642730000065,
        "p95": 176.4703050000037
      }
    }
  }
}